Session:,"2024 SPRING SEMESTER"
Course:,"CO215-Pattern Recognition"
Faculty:,Pallabi
total,1
start,2026-03-27
end,2026-03-27
slno,roll_no,name,2026-03-27,attended,percent
1,CSB21001,"Alexy Johnson",P,1,100
2,CSB21004,"Sophia Williams",P,1,100
3,CSB21008,"Emma Miller",A,0,0
4,CSB21009,"David Wilson",P,1,100
5,CSB21010,"Sarah Taylor",P,1,100
6,CSB21011,"Michael Martinez",A,0,0
7,CSB21012,"Ava Anderson",A,0,0
8,CSM21001,"Liam Garcia",A,0,0
9,CSM21009,"William Martinez",A,0,0
10,CSM21010,"Emily Brown",A,0,0
11,CSM21011,"James Rodriguez",A,0,0
